{
  "ContactFlow": {
    "Arn": "arn:aws:connect:us-west-2:267080358243:instance/f4b9b842-7906-4109-a90b-631ae751a89c/contact-flow/e542c014-dc44-407a-a2be-57ba8b26dbba",
    "Id": "e542c014-dc44-407a-a2be-57ba8b26dbba",
    "Name": "AWS_Sample_SCV_REST_Example",
    "Type": "CONTACT_FLOW",
    "Description": "Combines both REST examples from Salesforce. Corrects prompts to make them more realistic. Incorproates a loop around the Telephony Integration Lambda. Adds validation prompts and dynamic messaging. Combines the case lookup  and case linking sections",
    "Content": "{\"Version\":\"2019-10-30\",\"StartAction\":\"187adae0-cc83-4bdb-9b8a-f0ff150a5b82\",\"Metadata\":{\"entryPointPosition\":{\"x\":15,\"y\":15},\"snapToGrid\":false,\"ActionMetadata\":{\"187adae0-cc83-4bdb-9b8a-f0ff150a5b82\":{\"position\":{\"x\":29,\"y\":180}},\"30d06461-311f-41fb-ab57-a05ad5faa806\":{\"position\":{\"x\":26.935991287231445,\"y\":390.39801025390625}},\"a8a03893-5fcb-4bac-9bfd-34942f5ffafd\":{\"position\":{\"x\":28.45675277709961,\"y\":575.930908203125},\"contactFlow\":{\"id\":\"arn:aws:connect:us-west-2:267080358243:instance/f4b9b842-7906-4109-a90b-631ae751a89c/contact-flow/ac81b7d2-fe06-42ea-bf3d-9e605daf9060\",\"text\":\"AWSSCVAgentWhisperWithStreaming\"},\"customerOrAgent\":false,\"useDynamic\":false},\"95250467-054d-4e52-89d0-bf70b513dc07\":{\"position\":{\"x\":345,\"y\":46},\"useDynamic\":false},\"33a66342-ff9d-4c20-9809-f4d98de99172\":{\"position\":{\"x\":1148,\"y\":317}},\"6c71edb3-c065-4791-9260-5936e8f21def\":{\"position\":{\"x\":908,\"y\":319},\"useDynamic\":false},\"132adca9-0003-4236-a4b6-798409698f3b\":{\"position\":{\"x\":662,\"y\":320}},\"37ceeec2-6d83-45a5-ba47-f715f8fcff02\":{\"position\":{\"x\":2764.206556754527,\"y\":31.44894409179686},\"useDynamic\":false},\"4b332312-240f-4370-970a-8fdf98a7e883\":{\"position\":{\"x\":2516.3224014810894,\"y\":33.999999999999986},\"conditionMetadata\":[{\"id\":\"a8a8c408-ca8b-4269-94b1-2794f153ce10\",\"value\":\"1\"}],\"useDynamic\":false},\"520b7639-29e3-43fa-bc1e-b5a7455f7ffc\":{\"position\":{\"x\":1673,\"y\":423.5620437956204}},\"1c9b6cea-cb39-4679-9cf6-2c03eb39b55e\":{\"position\":{\"x\":2129,\"y\":1003.5620437956204},\"useDynamic\":false},\"80a080c2-a708-462a-8a8c-1104f4afb35d\":{\"position\":{\"x\":4640,\"y\":635.5620437956204}},\"1906df8a-1d18-490b-99c7-40d369c134f8\":{\"position\":{\"x\":604,\"y\":44},\"useDynamic\":false},\"6188311e-8772-4235-a028-ed7491ac8f7f\":{\"position\":{\"x\":1386,\"y\":418},\"dynamicMetadata\":{\"methodName\":false},\"useDynamic\":false},\"1c6803ab-60a8-4857-ba5c-cce6cded9c08\":{\"position\":{\"x\":2252.3224014810894,\"y\":30.999999999999986},\"conditionMetadata\":[{\"id\":\"653b57d7-419a-4dff-b0b5-771eaa3a3fee\",\"operator\":{\"name\":\"Contains\",\"value\":\"Contains\",\"shortDisplay\":\"contains\"},\"value\":\"500\"}]},\"e6710a0b-8bde-4c2c-8956-3a4a1c17ffbd\":{\"position\":{\"x\":1638,\"y\":46}},\"f3560fba-6e49-4d58-b277-78a5f3ff306d\":{\"position\":{\"x\":2013,\"y\":219},\"dynamicMetadata\":{\"methodName\":false,\"soql\":false},\"useDynamic\":false},\"54d9d698-b2b6-4ce1-8bac-e55cdfd63bb4\":{\"position\":{\"x\":2800,\"y\":303.5620437956204}},\"e798f239-69ad-4495-9c0f-58a84d76de32\":{\"position\":{\"x\":2255.3224014810894,\"y\":431},\"useDynamic\":false},\"5f06a241-7ea2-47da-aecf-fa4d7acc2e70\":{\"position\":{\"x\":2528,\"y\":458.5620437956204},\"dynamicMetadata\":{\"methodName\":false,\"soql\":false},\"useDynamic\":false},\"eb8dba75-2f19-4d21-93d7-c1afa138491c\":{\"position\":{\"x\":3020,\"y\":34.999999999999986}},\"df1328a8-6400-40fd-99a2-e47f7f0ffdfa\":{\"position\":{\"x\":3313,\"y\":39},\"dynamicMetadata\":{\"methodName\":false,\"recordId\":true,\"RelatedRecordId\":true,\"objectApiName\":false},\"useDynamic\":false},\"dc7c0ddf-3d1b-4bd2-b490-187e33b87173\":{\"position\":{\"x\":3446,\"y\":288},\"dynamicMetadata\":{\"methodName\":false,\"objectApiName\":false,\"amazonconnect__AC_Contact_Id__c\":true,\"Description\":false,\"ContactId\":true},\"useDynamic\":false},\"f48a1a56-f749-4207-a355-941d9a391e28\":{\"position\":{\"x\":3564,\"y\":549.5620437956204}},\"d47e2c22-67d1-477f-8eea-49cf6172fda5\":{\"position\":{\"x\":3043,\"y\":305.5620437956204},\"conditionMetadata\":[{\"id\":\"f707b965-7c8e-4874-88de-058a09bbb5ed\",\"operator\":{\"name\":\"Contains\",\"value\":\"Contains\",\"shortDisplay\":\"contains\"},\"value\":\"003\"}]},\"df5e1a6b-7f30-436a-a051-bf9fe006053d\":{\"position\":{\"x\":3317,\"y\":549.5620437956204},\"dynamicMetadata\":{\"methodName\":false,\"objectApiName\":false,\"Phone\":true,\"LastName\":false},\"useDynamic\":false},\"34b03f4b-f066-49f0-815d-adb27fd1d758\":{\"position\":{\"x\":4377.866821289062,\"y\":559.7207657194485},\"useDynamic\":false},\"d0ee6be8-06e4-4a86-93b0-3d06ae20029f\":{\"position\":{\"x\":3577.489501953125,\"y\":39},\"useDynamic\":false},\"77020edc-de39-4a64-ae1a-a2ebdaa4d64e\":{\"position\":{\"x\":3561,\"y\":819.5620437956204}},\"f6548f04-2cb2-467b-87e8-09a9550b05f2\":{\"position\":{\"x\":3776,\"y\":305.5620437956204}},\"9228040f-f012-460c-abd2-3117bbef5d1d\":{\"position\":{\"x\":2821,\"y\":926.5620437956204}},\"4ef7094e-d09f-4c39-875a-158d5515c197\":{\"position\":{\"x\":4088,\"y\":557.5620437956204},\"useDynamic\":false,\"queue\":{\"id\":\"arn:aws:connect:us-west-2:267080358243:instance/f4b9b842-7906-4109-a90b-631ae751a89c/queue/e4a3be80-916a-40c2-8986-a2d542727a0b\",\"text\":\"BasicQueue\"}}}},\"Actions\":[{\"Identifier\":\"187adae0-cc83-4bdb-9b8a-f0ff150a5b82\",\"Parameters\":{\"FlowLoggingBehavior\":\"Enabled\"},\"Transitions\":{\"NextAction\":\"30d06461-311f-41fb-ab57-a05ad5faa806\",\"Errors\":[],\"Conditions\":[]},\"Type\":\"UpdateFlowLoggingBehavior\"},{\"Identifier\":\"30d06461-311f-41fb-ab57-a05ad5faa806\",\"Parameters\":{\"RecordingBehavior\":{\"RecordedParticipants\":[]}},\"Transitions\":{\"NextAction\":\"a8a03893-5fcb-4bac-9bfd-34942f5ffafd\",\"Errors\":[],\"Conditions\":[]},\"Type\":\"UpdateContactRecordingBehavior\"},{\"Identifier\":\"a8a03893-5fcb-4bac-9bfd-34942f5ffafd\",\"Parameters\":{\"EventHooks\":{\"AgentWhisper\":\"arn:aws:connect:us-west-2:267080358243:instance/f4b9b842-7906-4109-a90b-631ae751a89c/contact-flow/ac81b7d2-fe06-42ea-bf3d-9e605daf9060\"}},\"Transitions\":{\"NextAction\":\"95250467-054d-4e52-89d0-bf70b513dc07\",\"Errors\":[{\"NextAction\":\"95250467-054d-4e52-89d0-bf70b513dc07\",\"ErrorType\":\"NoMatchingError\"}],\"Conditions\":[]},\"Type\":\"UpdateContactEventHooks\"},{\"Identifier\":\"95250467-054d-4e52-89d0-bf70b513dc07\",\"Parameters\":{\"Text\":\"Thank you for calling. All calls may be monitored for quality assurance.\"},\"Transitions\":{\"NextAction\":\"1906df8a-1d18-490b-99c7-40d369c134f8\",\"Errors\":[],\"Conditions\":[]},\"Type\":\"MessageParticipant\"},{\"Identifier\":\"33a66342-ff9d-4c20-9809-f4d98de99172\",\"Type\":\"DisconnectParticipant\",\"Parameters\":{},\"Transitions\":{}},{\"Identifier\":\"6c71edb3-c065-4791-9260-5936e8f21def\",\"Parameters\":{\"Text\":\"I'm sorry. We have encountered an error and cannot currently handle your call. Please try back later. We apologize for any inconvenience. Goodbye.\"},\"Transitions\":{\"NextAction\":\"33a66342-ff9d-4c20-9809-f4d98de99172\",\"Errors\":[],\"Conditions\":[]},\"Type\":\"MessageParticipant\"},{\"Identifier\":\"132adca9-0003-4236-a4b6-798409698f3b\",\"Parameters\":{\"Attributes\":{\"error_desc\":\"lambda loop fail\",\"process_error\":\"true\"}},\"Transitions\":{\"NextAction\":\"6c71edb3-c065-4791-9260-5936e8f21def\",\"Errors\":[{\"NextAction\":\"6c71edb3-c065-4791-9260-5936e8f21def\",\"ErrorType\":\"NoMatchingError\"}],\"Conditions\":[]},\"Type\":\"UpdateContactAttributes\"},{\"Identifier\":\"37ceeec2-6d83-45a5-ba47-f715f8fcff02\",\"Parameters\":{\"Text\":\"One moment please\"},\"Transitions\":{\"NextAction\":\"eb8dba75-2f19-4d21-93d7-c1afa138491c\",\"Errors\":[],\"Conditions\":[]},\"Type\":\"MessageParticipant\"},{\"Identifier\":\"4b332312-240f-4370-970a-8fdf98a7e883\",\"Parameters\":{\"SSML\":\"<speak>If you are calling about open case <say-as 